{"cameraMode":{"drawMode":0,"name":"Shaded","section":"Shading Mode"},"sceneLighting":true,"audioPlay":false,"sceneViewState":{"m_AlwaysRefresh":false,"showFog":true,"showSkybox":true,"showFlares":true,"showImageEffects":true,"showParticleSystems":true,"showVisualEffectGraphs":true,"m_FxEnabled":true},"in2DMode":false,"pivot":{"x":2.4210872650146486,"y":2.25148606300354,"z":1.159419059753418},"rotation":{"x":0.33179590106010439,"y":0.21715004742145539,"z":-0.07877770066261292,"w":0.9146363735198975},"size":10.950767517089844,"orthographic":true}