{"cameraMode":{"drawMode":0,"name":"Shaded","section":"Shading Mode"},"sceneLighting":true,"audioPlay":false,"sceneViewState":{"m_AlwaysRefresh":false,"showFog":true,"showSkybox":true,"showFlares":true,"showImageEffects":true,"showParticleSystems":true,"showVisualEffectGraphs":true,"m_FxEnabled":true},"in2DMode":false,"pivot":{"x":19.012529373168947,"y":-5.715366363525391,"z":30.521459579467775},"rotation":{"x":0.011990214698016644,"y":-0.03898558020591736,"z":0.00047116351197473705,"w":0.9991666674613953},"size":2.7579843997955324,"orthographic":true}