{"cameraMode":{"drawMode":0,"name":"Shaded","section":"Shading Mode"},"sceneLighting":true,"audioPlay":false,"sceneViewState":{"m_AlwaysRefresh":false,"showFog":true,"showSkybox":true,"showFlares":true,"showImageEffects":true,"showParticleSystems":true,"showVisualEffectGraphs":true,"m_FxEnabled":true},"in2DMode":false,"pivot":{"x":10.860563278198243,"y":3.4321224689483644,"z":29.792070388793947},"rotation":{"x":0.17671051621437074,"y":-0.3704772889614105,"z":0.07201892882585526,"w":0.9090299606323242},"size":15.093445777893067,"orthographic":true}