{"cameraMode":{"drawMode":0,"name":"Shaded","section":"Shading Mode"},"sceneLighting":true,"audioPlay":false,"sceneViewState":{"m_AlwaysRefresh":false,"showFog":true,"showSkybox":true,"showFlares":true,"showImageEffects":true,"showParticleSystems":true,"showVisualEffectGraphs":true,"m_FxEnabled":true},"in2DMode":false,"pivot":{"x":22.473079681396486,"y":10.711895942687989,"z":31.11675262451172},"rotation":{"x":0.011990214698016644,"y":-0.03898558020591736,"z":0.00047116351197473705,"w":0.9991666674613953},"size":14.666598320007325,"orthographic":true}