{"cameraMode":{"drawMode":0,"name":"Shaded","section":"Shading Mode"},"sceneLighting":true,"audioPlay":false,"sceneViewState":{"m_AlwaysRefresh":false,"showFog":true,"showSkybox":true,"showFlares":true,"showImageEffects":true,"showParticleSystems":true,"showVisualEffectGraphs":true,"m_FxEnabled":true},"in2DMode":false,"pivot":{"x":22.921810150146486,"y":1.944000244140625,"z":93.63776397705078},"rotation":{"x":0.1271546483039856,"y":-0.005950812716037035,"z":0.0007558005163446069,"w":0.9918769001960754},"size":12.12435531616211,"orthographic":true}