{"cameraMode":{"drawMode":0,"name":"Shaded","section":"Shading Mode"},"sceneLighting":true,"audioPlay":false,"sceneViewState":{"m_AlwaysRefresh":false,"showFog":true,"showSkybox":true,"showFlares":true,"showImageEffects":true,"showParticleSystems":true,"showVisualEffectGraphs":true,"m_FxEnabled":true},"in2DMode":false,"pivot":{"x":21.197235107421876,"y":6.050580978393555,"z":34.78150177001953},"rotation":{"x":0.02728450670838356,"y":0.9717621207237244,"z":-0.14239683747291566,"w":0.18617789447307588},"size":10.560118675231934,"orthographic":true}