{"cameraMode":{"drawMode":0,"name":"Shaded","section":"Shading Mode"},"sceneLighting":true,"audioPlay":false,"sceneViewState":{"m_AlwaysRefresh":false,"showFog":true,"showSkybox":true,"showFlares":true,"showImageEffects":true,"showParticleSystems":true,"showVisualEffectGraphs":true,"m_FxEnabled":true},"in2DMode":false,"pivot":{"x":17.819053649902345,"y":7.29351806640625,"z":29.98310089111328},"rotation":{"x":0.03197266906499863,"y":0.9656302332878113,"z":-0.14445863664150239,"w":0.21369831264019013},"size":10.265417098999024,"orthographic":true}