{"cameraMode":{"drawMode":0,"name":"Shaded","section":"Shading Mode"},"sceneLighting":true,"audioPlay":false,"sceneViewState":{"m_AlwaysRefresh":false,"showFog":true,"showSkybox":true,"showFlares":true,"showImageEffects":true,"showParticleSystems":true,"showVisualEffectGraphs":true,"m_FxEnabled":true},"in2DMode":false,"pivot":{"x":18.137771606445314,"y":0.8144913911819458,"z":35.88026809692383},"rotation":{"x":0.14736612141132356,"y":-0.3381883203983307,"z":0.05371320992708206,"w":0.9279183149337769},"size":1.667412281036377,"orthographic":true}