{"cameraMode":{"drawMode":0,"name":"Shaded","section":"Shading Mode"},"sceneLighting":true,"audioPlay":false,"sceneViewState":{"m_AlwaysRefresh":false,"showFog":true,"showSkybox":true,"showFlares":true,"showImageEffects":true,"showParticleSystems":true,"showVisualEffectGraphs":true,"m_FxEnabled":true},"in2DMode":false,"pivot":{"x":-61.754615783691409,"y":1.406454086303711,"z":204.3000946044922},"rotation":{"x":-0.0032092861365526916,"y":0.7045501470565796,"z":-0.7096434831619263,"w":-0.003182237036526203},"size":12.12435531616211,"orthographic":true}